<application>
  <component name="FeatureSuggesterSettings">
    <option name="workingDays">
      <list>
        <option value="1666514263249" />
        <option value="1666577579667" />
        <option value="1666665621871" />
        <option value="1666752563854" />
        <option value="1668747587652" />
        <option value="1668834114633" />
        <option value="1668913933221" />
        <option value="1669426686764" />
        <option value="1669544160541" />
        <option value="1669597691236" />
        <option value="1669710778163" />
        <option value="1669737600084" />
        <option value="1669824735492" />
        <option value="1669992139959" />
        <option value="1670308812816" />
        <option value="1676622140776" />
        <option value="1676678481733" />
        <option value="1676771593811" />
        <option value="1676857014321" />
        <option value="1677115592714" />
        <option value="1677825897923" />
        <option value="1678525367476" />
        <option value="1679650353135" />
        <option value="1679906841717" />
        <option value="1680774672388" />
        <option value="1681119492600" />
        <option value="1681482744224" />
        <option value="1684327569143" />
        <option value="1686020018221" />
        <option value="1686105657429" />
      </list>
    </option>
  </component>
</application>